"Property","Value","Unit"
"IUPAC name","(2E)-3-[(dimethoxyphosphoryl)oxy]-N-methylbut-2-enamide",
"Traditional name","monocrotophos",
"Common names","N-desmethyl bidrin; aimocron; apadrin; azodrin; azodrin 202R; azodrin insecticide; azodrin-71; biloborn; bilobran; caswell no. 377; corophos; crisodrin; croton 36; crotos; epa pesticide chemical code 058901; glore phos 36; hazodrin; monocil 40; monocron; monocrotophos; monocrotophos 40 EC; monocrotophos E+Z-isomers; monodrin; monokrotofosz (hungarian); monostar; nuvacron; nuvacron 20; pandar; parryfos; pillardrin; plantdrin; rapid X; shell SD 9129; susvin; ulvair",
"SMILES","CNC(=O)\C=C(/C)OP(=O)(OC)OC",
"InChI","InChI=1S/C7H14NO5P/c1-6(5-7(9)8-2)13-14(10,11-3)12-4/h5H,1-4H3,(H,8,9)/b6-5+",
"InChIKey","KRTSDMXIXPKRQR-AATRIKPKSA-N",
"CAS Registry Numbers®","NOT CALCULATED",