"Property","Value","Unit"
"IUPAC name","{ethoxy[3-methyl-4-(methylsulfanyl)phenoxy]phosphoryl}(propan-2-yl)amine",
"Traditional name","fenamiphos",
"Common names","caswell no. 453A; epa pesticide chemical code 100601; fenamiphos; methaphenamiphos; nemacur; nemacur P; phenamiphos",
"SMILES","CCOP(=O)(NC(C)C)OC1=CC=C(SC)C(C)=C1",
"InChI","InChI=1/C13H22NO3PS/c1-6-16-18(15,14-10(2)3)17-12-7-8-13(19-5)11(4)9-12/h7-10H,6H2,1-5H3,(H,14,15)",
"InChIKey","ZCJPOPBZHLUFHF-UHFFFAOYNA-N",
"CAS Registry Numbers®","NOT CALCULATED",