"Property","Value","Unit"
"IUPAC name","O,O-dimethyl {[(5-methoxy-2-oxo-2,3-dihydro-1,3,4-thiadiazol-3-yl)methyl]sulfanyl}phosphonothioate",
"Traditional name","methidathion",
"Common names","caswell no. 378B; ciba-geigy GS 13005; dmtp (insecticide); epa pesticide chemical code 100301; fisons NC 2964; methidathion; methidathion (substance); methidathion 50S; metidathion; metidation; somonil; supracid; supracide; supracide ulvair; suprathion; ultracid; ultracid 40; ultracid EC 40; ultracide; ultracide ulvair 250",
"SMILES","COC1=NN(CSP(=S)(OC)OC)C(=O)S1",
"InChI","InChI=1S/C6H11N2O4PS3/c1-10-5-7-8(6(9)16-5)4-15-13(14,11-2)12-3/h4H2,1-3H3",
"InChIKey","MEBQXILRKZHVCX-UHFFFAOYSA-N",
"CAS Registry Numbers®","NOT CALCULATED",