"Atoms","Shift","Intensity","Multiplet","Quality"
"18, 18, 18","0.994 ppm","3","t","good"
"13, 13, 13","1.111 ppm","3","t","medium"
"30","1.402 ppm","1","m","medium"
"17, 17, 17","1.389 ppm","3","t","good"
"31","2.030 ppm","1","m","medium"
"26","2.880 ppm","1","t","medium"
"27","2.920 ppm","1","t","medium"
"24","3.030 ppm","1","q","medium"
"25","3.229 ppm","1","q","medium"
"22","3.336 ppm","1","t","medium"
"20","3.648 ppm","1","q","medium"
"23","3.934 ppm","1","t","medium"
"21","4.045 ppm","1","q","medium"
"28","4.228 ppm","1","o","good"
"29","4.256 ppm","1","o","good"