"Property","Value","Unit"
"IUPAC name","methyl (2E)-3-[(dimethoxyphosphoryl)oxy]but-2-enoate",
"Traditional name","menite",
"Common names","(E)-mevinphos; CMDP; PD 5 (pesticide); caswell no. 160B; duraphos; epa pesticide chemical code 015801; fosdrin; fosdrine; gesfid; meniphos; menite; mevinfos; mevinphos; mevinphos (substance); mevinphos (trans); phosfene",
"SMILES","COC(=O)\C=C(/C)OP(=O)(OC)OC",
"InChI","InChI=1S/C7H13O6P/c1-6(5-7(8)10-2)13-14(9,11-3)12-4/h5H,1-4H3/b6-5+",
"InChIKey","GEPDYQSQVLXLEU-AATRIKPKSA-N",
"CAS Registry Numbers®","NOT CALCULATED",