"Property","Value","Unit"
"IUPAC name","O-4-(dimethylsulfamoyl)phenyl O,O-dimethyl phosphorothioate",
"Traditional name","famphur",
"Common names","BO-ana; american cyanamid CL-38,023; american cyanamid-38023; caswell no. 456D; dovip; epa pesticide chemical code 059901; famfur; famofos; famophos; famophos warbex; famphos; famphur; famphur (substance); fanfos; rcra waste number P097; varbex; warbex; warbexol",
"SMILES","COP(=S)(OC)OC1=CC=C(C=C1)S(=O)(=O)N(C)C",
"InChI","InChI=1S/C10H16NO5PS2/c1-11(2)19(12,13)10-7-5-9(6-8-10)16-17(18,14-3)15-4/h5-8H,1-4H3",
"InChIKey","JISACBWYRJHSMG-UHFFFAOYSA-N",
"CAS Registry Numbers®","NOT CALCULATED",