"Property","Value","Unit"
"IUPAC name","dimethyl {[2-(ethanesulfinyl)ethyl]sulfanyl}phosphonate",
"Traditional name","oxydemeton methyl",
"Common names","aimco systox; caswell no. 455; demeton-S methyl sulfoxide; demeton-S-methyl sulfoxid; demeton-S-methyl sulfoxide; demeton-S-methyl-sulfoxid; demeton-methyl sulphoxide; epa pesticide chemical code 058702; isomethylsystox sulfoxide; metaisosystox sulfoxide; metaisosystoxsulfoxide; metasystemox; metasystemox R; metasystox; metasystox-R; metasytox R; methyl demeton; methyl oxydemeton; methyl oxydemeton (substance); methyl oxydemeton S; metilmercaptofosoksid; metilmercaptofosoksid (ussr); oxydemeton methyl; oxydemeton-methyl; oxydemeton-metile; oxydemetonmethyl",
"SMILES","CCS(=O)CCSP(=O)(OC)OC",
"InChI","InChI=1/C6H15O4PS2/c1-4-13(8)6-5-12-11(7,9-2)10-3/h4-6H2,1-3H3",
"InChIKey","PMCVMORKVPSKHZ-UHFFFAOYNA-N",
"CAS Registry Numbers®","NOT CALCULATED",